station_a,station_b
Harrow & Wealdstone Underground Station,Kenton Underground Station
Kenton Underground Station,South Kenton Underground Station
South Kenton Underground Station,North Wembley Underground Station
North Wembley Underground Station,Wembley Central Underground Station
Wembley Central Underground Station,Stonebridge Park Underground Station
Stonebridge Park Underground Station,Harlesden Underground Station
Harlesden Underground Station,Willesden Junction Underground Station
Willesden Junction Underground Station,Kensal Green Underground Station
Kensal Green Underground Station,Queen's Park Underground Station
Queen's Park Underground Station,Kilburn Park Underground Station
Kilburn Park Underground Station,Maida Vale Underground Station
Maida Vale Underground Station,Warwick Avenue Underground Station
Warwick Avenue Underground Station,Paddington Underground Station
Paddington Underground Station,Edgware Road (Bakerloo) Underground Station
Edgware Road (Bakerloo) Underground Station,Marylebone Underground Station
Marylebone Underground Station,Baker Street Underground Station
Baker Street Underground Station,Regent's Park Underground Station
Regent's Park Underground Station,Oxford Circus Underground Station
Oxford Circus Underground Station,Piccadilly Circus Underground Station
Piccadilly Circus Underground Station,Charing Cross Underground Station
Charing Cross Underground Station,Embankment Underground Station
Embankment Underground Station,Waterloo Underground Station
Waterloo Underground Station,Lambeth North Underground Station
Lambeth North Underground Station,Elephant & Castle Underground Station
Elephant & Castle Underground Station,Lambeth North Underground Station
Lambeth North Underground Station,Waterloo Underground Station
Waterloo Underground Station,Embankment Underground Station
Embankment Underground Station,Charing Cross Underground Station
Charing Cross Underground Station,Piccadilly Circus Underground Station
Piccadilly Circus Underground Station,Oxford Circus Underground Station
Oxford Circus Underground Station,Regent's Park Underground Station
Regent's Park Underground Station,Baker Street Underground Station
Baker Street Underground Station,Marylebone Underground Station
Marylebone Underground Station,Edgware Road (Bakerloo) Underground Station
Edgware Road (Bakerloo) Underground Station,Paddington Underground Station
Paddington Underground Station,Warwick Avenue Underground Station
Warwick Avenue Underground Station,Maida Vale Underground Station
Maida Vale Underground Station,Kilburn Park Underground Station
Kilburn Park Underground Station,Queen's Park Underground Station
Queen's Park Underground Station,Kensal Green Underground Station
Kensal Green Underground Station,Willesden Junction Underground Station
Willesden Junction Underground Station,Harlesden Underground Station
Harlesden Underground Station,Stonebridge Park Underground Station
Stonebridge Park Underground Station,Wembley Central Underground Station
Wembley Central Underground Station,North Wembley Underground Station
North Wembley Underground Station,South Kenton Underground Station
South Kenton Underground Station,Kenton Underground Station
Kenton Underground Station,Harrow & Wealdstone Underground Station
Epping Underground Station,Theydon Bois Underground Station
Theydon Bois Underground Station,Debden Underground Station
Debden Underground Station,Loughton Underground Station
Loughton Underground Station,Buckhurst Hill Underground Station
Buckhurst Hill Underground Station,Woodford Underground Station
Woodford Underground Station,South Woodford Underground Station
South Woodford Underground Station,Snaresbrook Underground Station
Snaresbrook Underground Station,Leytonstone Underground Station
Leytonstone Underground Station,Leyton Underground Station
Leyton Underground Station,Stratford Underground Station
Stratford Underground Station,Mile End Underground Station
Mile End Underground Station,Bethnal Green Underground Station
Bethnal Green Underground Station,Liverpool Street Underground Station
Liverpool Street Underground Station,Bank Underground Station
Bank Underground Station,St. Paul's Underground Station
St. Paul's Underground Station,Chancery Lane Underground Station
Chancery Lane Underground Station,Holborn Underground Station
Holborn Underground Station,Tottenham Court Road Underground Station
Tottenham Court Road Underground Station,Oxford Circus Underground Station
Oxford Circus Underground Station,Bond Street Underground Station
Bond Street Underground Station,Marble Arch Underground Station
Marble Arch Underground Station,Lancaster Gate Underground Station
Lancaster Gate Underground Station,Queensway Underground Station
Queensway Underground Station,Notting Hill Gate Underground Station
Notting Hill Gate Underground Station,Holland Park Underground Station
Holland Park Underground Station,Shepherd's Bush (Central) Underground Station
Shepherd's Bush (Central) Underground Station,White City Underground Station
White City Underground Station,East Acton Underground Station
East Acton Underground Station,North Acton Underground Station
North Acton Underground Station,Hanger Lane Underground Station
Hanger Lane Underground Station,Perivale Underground Station
Perivale Underground Station,Greenford Underground Station
Greenford Underground Station,Northolt Underground Station
Northolt Underground Station,South Ruislip Underground Station
South Ruislip Underground Station,Ruislip Gardens Underground Station
Ruislip Gardens Underground Station,West Ruislip Underground Station
West Ruislip Underground Station,Ruislip Gardens Underground Station
Ruislip Gardens Underground Station,South Ruislip Underground Station
South Ruislip Underground Station,Northolt Underground Station
Northolt Underground Station,Greenford Underground Station
Greenford Underground Station,Perivale Underground Station
Perivale Underground Station,Hanger Lane Underground Station
Hanger Lane Underground Station,North Acton Underground Station
North Acton Underground Station,East Acton Underground Station
East Acton Underground Station,White City Underground Station
White City Underground Station,Shepherd's Bush (Central) Underground Station
Shepherd's Bush (Central) Underground Station,Holland Park Underground Station
Holland Park Underground Station,Notting Hill Gate Underground Station
Notting Hill Gate Underground Station,Queensway Underground Station
Queensway Underground Station,Lancaster Gate Underground Station
Lancaster Gate Underground Station,Marble Arch Underground Station
Marble Arch Underground Station,Bond Street Underground Station
Bond Street Underground Station,Oxford Circus Underground Station
Oxford Circus Underground Station,Tottenham Court Road Underground Station
Tottenham Court Road Underground Station,Holborn Underground Station
Holborn Underground Station,Chancery Lane Underground Station
Chancery Lane Underground Station,St. Paul's Underground Station
St. Paul's Underground Station,Bank Underground Station
Bank Underground Station,Liverpool Street Underground Station
Liverpool Street Underground Station,Bethnal Green Underground Station
Bethnal Green Underground Station,Mile End Underground Station
Mile End Underground Station,Stratford Underground Station
Stratford Underground Station,Leyton Underground Station
Leyton Underground Station,Leytonstone Underground Station
Leytonstone Underground Station,Snaresbrook Underground Station
Snaresbrook Underground Station,South Woodford Underground Station
South Woodford Underground Station,Woodford Underground Station
Woodford Underground Station,Buckhurst Hill Underground Station
Buckhurst Hill Underground Station,Loughton Underground Station
Loughton Underground Station,Debden Underground Station
Debden Underground Station,Theydon Bois Underground Station
Theydon Bois Underground Station,Epping Underground Station
Hainault Underground Station,Fairlop Underground Station
Fairlop Underground Station,Barkingside Underground Station
Barkingside Underground Station,Newbury Park Underground Station
Newbury Park Underground Station,Gants Hill Underground Station
Gants Hill Underground Station,Redbridge Underground Station
Redbridge Underground Station,Wanstead Underground Station
Wanstead Underground Station,Leytonstone Underground Station
Hainault Underground Station,Grange Hill Underground Station
Grange Hill Underground Station,Chigwell Underground Station
Chigwell Underground Station,Roding Valley Underground Station
Roding Valley Underground Station,Woodford Underground Station
Leytonstone Underground Station,Wanstead Underground Station
Wanstead Underground Station,Redbridge Underground Station
Redbridge Underground Station,Gants Hill Underground Station
Gants Hill Underground Station,Newbury Park Underground Station
Newbury Park Underground Station,Barkingside Underground Station
Barkingside Underground Station,Fairlop Underground Station
Fairlop Underground Station,Hainault Underground Station
Woodford Underground Station,Roding Valley Underground Station
Roding Valley Underground Station,Chigwell Underground Station
Chigwell Underground Station,Grange Hill Underground Station
Grange Hill Underground Station,Hainault Underground Station
North Acton Underground Station,West Acton Underground Station
West Acton Underground Station,Ealing Broadway Underground Station
Ealing Broadway Underground Station,West Acton Underground Station
West Acton Underground Station,North Acton Underground Station
Edgware Road (Circle Line) Underground Station,Paddington Underground Station
Paddington Underground Station,Bayswater Underground Station
Bayswater Underground Station,Notting Hill Gate Underground Station
Notting Hill Gate Underground Station,High Street Kensington Underground Station
High Street Kensington Underground Station,Gloucester Road Underground Station
Gloucester Road Underground Station,South Kensington Underground Station
South Kensington Underground Station,Sloane Square Underground Station
Sloane Square Underground Station,Victoria Underground Station
Victoria Underground Station,St. James's Park Underground Station
St. James's Park Underground Station,Westminster Underground Station
Westminster Underground Station,Embankment Underground Station
Embankment Underground Station,Temple Underground Station
Temple Underground Station,Blackfriars Underground Station
Blackfriars Underground Station,Mansion House Underground Station
Mansion House Underground Station,Cannon Street Underground Station
Cannon Street Underground Station,Monument Underground Station
Monument Underground Station,Tower Hill Underground Station
Tower Hill Underground Station,Aldgate Underground Station
Aldgate Underground Station,Liverpool Street Underground Station
Liverpool Street Underground Station,Moorgate Underground Station
Moorgate Underground Station,Barbican Underground Station
Barbican Underground Station,Farringdon Underground Station
Farringdon Underground Station,King's Cross St. Pancras Underground Station
King's Cross St. Pancras Underground Station,Euston Square Underground Station
Euston Square Underground Station,Great Portland Street Underground Station
Great Portland Street Underground Station,Baker Street Underground Station
Baker Street Underground Station,Edgware Road (Circle Line) Underground Station
Edgware Road (Circle Line) Underground Station,Paddington (H&C Line)-Underground
Paddington (H&C Line)-Underground,Royal Oak Underground Station
Royal Oak Underground Station,Westbourne Park Underground Station
Westbourne Park Underground Station,Ladbroke Grove Underground Station
Ladbroke Grove Underground Station,Latimer Road Underground Station
Latimer Road Underground Station,Wood Lane Underground Station
Wood Lane Underground Station,Shepherd's Bush Market Underground Station
Shepherd's Bush Market Underground Station,Goldhawk Road Underground Station
Goldhawk Road Underground Station,Hammersmith (H&C Line) Underground Station
Hammersmith (H&C Line) Underground Station,Goldhawk Road Underground Station
Goldhawk Road Underground Station,Shepherd's Bush Market Underground Station
Shepherd's Bush Market Underground Station,Wood Lane Underground Station
Wood Lane Underground Station,Latimer Road Underground Station
Latimer Road Underground Station,Ladbroke Grove Underground Station
Ladbroke Grove Underground Station,Westbourne Park Underground Station
Westbourne Park Underground Station,Royal Oak Underground Station
Royal Oak Underground Station,Paddington (H&C Line)-Underground
Paddington (H&C Line)-Underground,Edgware Road (Circle Line) Underground Station
Edgware Road (Circle Line) Underground Station,Baker Street Underground Station
Baker Street Underground Station,Great Portland Street Underground Station
Great Portland Street Underground Station,Euston Square Underground Station
Euston Square Underground Station,King's Cross St. Pancras Underground Station
King's Cross St. Pancras Underground Station,Farringdon Underground Station
Farringdon Underground Station,Barbican Underground Station
Barbican Underground Station,Moorgate Underground Station
Moorgate Underground Station,Liverpool Street Underground Station
Liverpool Street Underground Station,Aldgate Underground Station
Aldgate Underground Station,Tower Hill Underground Station
Tower Hill Underground Station,Monument Underground Station
Monument Underground Station,Cannon Street Underground Station
Cannon Street Underground Station,Mansion House Underground Station
Mansion House Underground Station,Blackfriars Underground Station
Blackfriars Underground Station,Temple Underground Station
Temple Underground Station,Embankment Underground Station
Embankment Underground Station,Westminster Underground Station
Westminster Underground Station,St. James's Park Underground Station
St. James's Park Underground Station,Victoria Underground Station
Victoria Underground Station,Sloane Square Underground Station
Sloane Square Underground Station,South Kensington Underground Station
South Kensington Underground Station,Gloucester Road Underground Station
Gloucester Road Underground Station,High Street Kensington Underground Station
High Street Kensington Underground Station,Notting Hill Gate Underground Station
Notting Hill Gate Underground Station,Bayswater Underground Station
Bayswater Underground Station,Paddington Underground Station
Paddington Underground Station,Edgware Road (Circle Line) Underground Station
Upminster Underground Station,Upminster Bridge Underground Station
Upminster Bridge Underground Station,Hornchurch Underground Station
Hornchurch Underground Station,Elm Park Underground Station
Elm Park Underground Station,Dagenham East Underground Station
Dagenham East Underground Station,Dagenham Heathway Underground Station
Dagenham Heathway Underground Station,Becontree Underground Station
Becontree Underground Station,Upney Underground Station
Upney Underground Station,Barking Underground Station
Barking Underground Station,East Ham Underground Station
East Ham Underground Station,Upton Park Underground Station
Upton Park Underground Station,Plaistow Underground Station
Plaistow Underground Station,West Ham Underground Station
West Ham Underground Station,Bromley-by-Bow Underground Station
Bromley-by-Bow Underground Station,Bow Road Underground Station
Bow Road Underground Station,Mile End Underground Station
Mile End Underground Station,Stepney Green Underground Station
Stepney Green Underground Station,Whitechapel Underground Station
Whitechapel Underground Station,Aldgate East Underground Station
Aldgate East Underground Station,Tower Hill Underground Station
Tower Hill Underground Station,Monument Underground Station
Monument Underground Station,Cannon Street Underground Station
Cannon Street Underground Station,Mansion House Underground Station
Mansion House Underground Station,Blackfriars Underground Station
Blackfriars Underground Station,Temple Underground Station
Temple Underground Station,Embankment Underground Station
Embankment Underground Station,Westminster Underground Station
Westminster Underground Station,St. James's Park Underground Station
St. James's Park Underground Station,Victoria Underground Station
Victoria Underground Station,Sloane Square Underground Station
Sloane Square Underground Station,South Kensington Underground Station
South Kensington Underground Station,Gloucester Road Underground Station
Gloucester Road Underground Station,Earl's Court Underground Station
Earl's Court Underground Station,West Kensington Underground Station
West Kensington Underground Station,Barons Court Underground Station
Barons Court Underground Station,Hammersmith (Dist&Picc Line) Underground Station
Hammersmith (Dist&Picc Line) Underground Station,Ravenscourt Park Underground Station
Ravenscourt Park Underground Station,Stamford Brook Underground Station
Stamford Brook Underground Station,Turnham Green Underground Station
Turnham Green Underground Station,Chiswick Park Underground Station
Chiswick Park Underground Station,Acton Town Underground Station
Acton Town Underground Station,Ealing Common Underground Station
Ealing Common Underground Station,Ealing Broadway Underground Station
Ealing Broadway Underground Station,Ealing Common Underground Station
Ealing Common Underground Station,Acton Town Underground Station
Acton Town Underground Station,Chiswick Park Underground Station
Chiswick Park Underground Station,Turnham Green Underground Station
Turnham Green Underground Station,Stamford Brook Underground Station
Stamford Brook Underground Station,Ravenscourt Park Underground Station
Ravenscourt Park Underground Station,Hammersmith (Dist&Picc Line) Underground Station
Hammersmith (Dist&Picc Line) Underground Station,Barons Court Underground Station
Barons Court Underground Station,West Kensington Underground Station
West Kensington Underground Station,Earl's Court Underground Station
Earl's Court Underground Station,Gloucester Road Underground Station
Gloucester Road Underground Station,South Kensington Underground Station
South Kensington Underground Station,Sloane Square Underground Station
Sloane Square Underground Station,Victoria Underground Station
Victoria Underground Station,St. James's Park Underground Station
St. James's Park Underground Station,Westminster Underground Station
Westminster Underground Station,Embankment Underground Station
Embankment Underground Station,Temple Underground Station
Temple Underground Station,Blackfriars Underground Station
Blackfriars Underground Station,Mansion House Underground Station
Mansion House Underground Station,Cannon Street Underground Station
Cannon Street Underground Station,Monument Underground Station
Monument Underground Station,Tower Hill Underground Station
Tower Hill Underground Station,Aldgate East Underground Station
Aldgate East Underground Station,Whitechapel Underground Station
Whitechapel Underground Station,Stepney Green Underground Station
Stepney Green Underground Station,Mile End Underground Station
Mile End Underground Station,Bow Road Underground Station
Bow Road Underground Station,Bromley-by-Bow Underground Station
Bromley-by-Bow Underground Station,West Ham Underground Station
West Ham Underground Station,Plaistow Underground Station
Plaistow Underground Station,Upton Park Underground Station
Upton Park Underground Station,East Ham Underground Station
East Ham Underground Station,Barking Underground Station
Barking Underground Station,Upney Underground Station
Upney Underground Station,Becontree Underground Station
Becontree Underground Station,Dagenham Heathway Underground Station
Dagenham Heathway Underground Station,Dagenham East Underground Station
Dagenham East Underground Station,Elm Park Underground Station
Elm Park Underground Station,Hornchurch Underground Station
Hornchurch Underground Station,Upminster Bridge Underground Station
Upminster Bridge Underground Station,Upminster Underground Station
Turnham Green Underground Station,Gunnersbury Underground Station
Gunnersbury Underground Station,Kew Gardens Underground Station
Kew Gardens Underground Station,Richmond Underground Station
Richmond Underground Station,Kew Gardens Underground Station
Kew Gardens Underground Station,Gunnersbury Underground Station
Gunnersbury Underground Station,Turnham Green Underground Station
Earl's Court Underground Station,West Brompton Underground Station
West Brompton Underground Station,Fulham Broadway Underground Station
Fulham Broadway Underground Station,Parsons Green Underground Station
Parsons Green Underground Station,Putney Bridge Underground Station
Putney Bridge Underground Station,East Putney Underground Station
East Putney Underground Station,Southfields Underground Station
Southfields Underground Station,Wimbledon Park Underground Station
Wimbledon Park Underground Station,Wimbledon Underground Station
Wimbledon Underground Station,Wimbledon Park Underground Station
Wimbledon Park Underground Station,Southfields Underground Station
Southfields Underground Station,East Putney Underground Station
East Putney Underground Station,Putney Bridge Underground Station
Putney Bridge Underground Station,Parsons Green Underground Station
Parsons Green Underground Station,Fulham Broadway Underground Station
Fulham Broadway Underground Station,West Brompton Underground Station
West Brompton Underground Station,Earl's Court Underground Station
Edgware Road (Circle Line) Underground Station,Paddington Underground Station
Paddington Underground Station,Bayswater Underground Station
Bayswater Underground Station,Notting Hill Gate Underground Station
Notting Hill Gate Underground Station,High Street Kensington Underground Station
High Street Kensington Underground Station,Earl's Court Underground Station
Earl's Court Underground Station,High Street Kensington Underground Station
High Street Kensington Underground Station,Notting Hill Gate Underground Station
Notting Hill Gate Underground Station,Bayswater Underground Station
Bayswater Underground Station,Paddington Underground Station
Paddington Underground Station,Edgware Road (Circle Line) Underground Station
Earl's Court Underground Station,Kensington (Olympia) Underground Station
Kensington (Olympia) Underground Station,Earl's Court Underground Station
Barking Underground Station,East Ham Underground Station
East Ham Underground Station,Upton Park Underground Station
Upton Park Underground Station,Plaistow Underground Station
Plaistow Underground Station,West Ham Underground Station
West Ham Underground Station,Bromley-by-Bow Underground Station
Bromley-by-Bow Underground Station,Bow Road Underground Station
Bow Road Underground Station,Mile End Underground Station
Mile End Underground Station,Stepney Green Underground Station
Stepney Green Underground Station,Whitechapel Underground Station
Whitechapel Underground Station,Aldgate East Underground Station
Aldgate East Underground Station,Liverpool Street Underground Station
Liverpool Street Underground Station,Moorgate Underground Station
Moorgate Underground Station,Barbican Underground Station
Barbican Underground Station,Farringdon Underground Station
Farringdon Underground Station,King's Cross St. Pancras Underground Station
King's Cross St. Pancras Underground Station,Euston Square Underground Station
Euston Square Underground Station,Great Portland Street Underground Station
Great Portland Street Underground Station,Baker Street Underground Station
Baker Street Underground Station,Edgware Road (Circle Line) Underground Station
Edgware Road (Circle Line) Underground Station,Paddington (H&C Line)-Underground
Paddington (H&C Line)-Underground,Royal Oak Underground Station
Royal Oak Underground Station,Westbourne Park Underground Station
Westbourne Park Underground Station,Ladbroke Grove Underground Station
Ladbroke Grove Underground Station,Latimer Road Underground Station
Latimer Road Underground Station,Wood Lane Underground Station
Wood Lane Underground Station,Shepherd's Bush Market Underground Station
Shepherd's Bush Market Underground Station,Goldhawk Road Underground Station
Goldhawk Road Underground Station,Hammersmith (H&C Line) Underground Station
Hammersmith (H&C Line) Underground Station,Goldhawk Road Underground Station
Goldhawk Road Underground Station,Shepherd's Bush Market Underground Station
Shepherd's Bush Market Underground Station,Wood Lane Underground Station
Wood Lane Underground Station,Latimer Road Underground Station
Latimer Road Underground Station,Ladbroke Grove Underground Station
Ladbroke Grove Underground Station,Westbourne Park Underground Station
Westbourne Park Underground Station,Royal Oak Underground Station
Royal Oak Underground Station,Paddington (H&C Line)-Underground
Paddington (H&C Line)-Underground,Edgware Road (Circle Line) Underground Station
Edgware Road (Circle Line) Underground Station,Baker Street Underground Station
Baker Street Underground Station,Great Portland Street Underground Station
Great Portland Street Underground Station,Euston Square Underground Station
Euston Square Underground Station,King's Cross St. Pancras Underground Station
King's Cross St. Pancras Underground Station,Farringdon Underground Station
Farringdon Underground Station,Barbican Underground Station
Barbican Underground Station,Moorgate Underground Station
Moorgate Underground Station,Liverpool Street Underground Station
Liverpool Street Underground Station,Aldgate East Underground Station
Aldgate East Underground Station,Whitechapel Underground Station
Whitechapel Underground Station,Stepney Green Underground Station
Stepney Green Underground Station,Mile End Underground Station
Mile End Underground Station,Bow Road Underground Station
Bow Road Underground Station,Bromley-by-Bow Underground Station
Bromley-by-Bow Underground Station,West Ham Underground Station
West Ham Underground Station,Plaistow Underground Station
Plaistow Underground Station,Upton Park Underground Station
Upton Park Underground Station,East Ham Underground Station
East Ham Underground Station,Barking Underground Station
Stratford Underground Station,West Ham Underground Station
West Ham Underground Station,Canning Town Underground Station
Canning Town Underground Station,North Greenwich Underground Station
North Greenwich Underground Station,Canary Wharf Underground Station
Canary Wharf Underground Station,Canada Water Underground Station
Canada Water Underground Station,Bermondsey Underground Station
Bermondsey Underground Station,London Bridge Underground Station
London Bridge Underground Station,Southwark Underground Station
Southwark Underground Station,Waterloo Underground Station
Waterloo Underground Station,Westminster Underground Station
Westminster Underground Station,Green Park Underground Station
Green Park Underground Station,Bond Street Underground Station
Bond Street Underground Station,Baker Street Underground Station
Baker Street Underground Station,St. John's Wood Underground Station
St. John's Wood Underground Station,Swiss Cottage Underground Station
Swiss Cottage Underground Station,Finchley Road Underground Station
Finchley Road Underground Station,West Hampstead Underground Station
West Hampstead Underground Station,Kilburn Underground Station
Kilburn Underground Station,Willesden Green Underground Station
Willesden Green Underground Station,Dollis Hill Underground Station
Dollis Hill Underground Station,Neasden Underground Station
Neasden Underground Station,Wembley Park Underground Station
Wembley Park Underground Station,Kingsbury Underground Station
Kingsbury Underground Station,Queensbury Underground Station
Queensbury Underground Station,Canons Park Underground Station
Canons Park Underground Station,Stanmore Underground Station
Stanmore Underground Station,Canons Park Underground Station
Canons Park Underground Station,Queensbury Underground Station
Queensbury Underground Station,Kingsbury Underground Station
Kingsbury Underground Station,Wembley Park Underground Station
Wembley Park Underground Station,Neasden Underground Station
Neasden Underground Station,Dollis Hill Underground Station
Dollis Hill Underground Station,Willesden Green Underground Station
Willesden Green Underground Station,Kilburn Underground Station
Kilburn Underground Station,West Hampstead Underground Station
West Hampstead Underground Station,Finchley Road Underground Station
Finchley Road Underground Station,Swiss Cottage Underground Station
Swiss Cottage Underground Station,St. John's Wood Underground Station
St. John's Wood Underground Station,Baker Street Underground Station
Baker Street Underground Station,Bond Street Underground Station
Bond Street Underground Station,Green Park Underground Station
Green Park Underground Station,Westminster Underground Station
Westminster Underground Station,Waterloo Underground Station
Waterloo Underground Station,Southwark Underground Station
Southwark Underground Station,London Bridge Underground Station
London Bridge Underground Station,Bermondsey Underground Station
Bermondsey Underground Station,Canada Water Underground Station
Canada Water Underground Station,Canary Wharf Underground Station
Canary Wharf Underground Station,North Greenwich Underground Station
North Greenwich Underground Station,Canning Town Underground Station
Canning Town Underground Station,West Ham Underground Station
West Ham Underground Station,Stratford Underground Station
Aldgate Underground Station,Liverpool Street Underground Station
Liverpool Street Underground Station,Moorgate Underground Station
Moorgate Underground Station,Barbican Underground Station
Barbican Underground Station,Farringdon Underground Station
Farringdon Underground Station,King's Cross St. Pancras Underground Station
King's Cross St. Pancras Underground Station,Euston Square Underground Station
Euston Square Underground Station,Great Portland Street Underground Station
Great Portland Street Underground Station,Baker Street Underground Station
Baker Street Underground Station,Finchley Road Underground Station
Finchley Road Underground Station,Wembley Park Underground Station
Wembley Park Underground Station,Preston Road Underground Station
Preston Road Underground Station,Northwick Park Underground Station
Northwick Park Underground Station,Harrow-on-the-Hill Underground Station
Harrow-on-the-Hill Underground Station,North Harrow Underground Station
North Harrow Underground Station,Pinner Underground Station
Pinner Underground Station,Northwood Hills Underground Station
Northwood Hills Underground Station,Northwood Underground Station
Northwood Underground Station,Moor Park Underground Station
Moor Park Underground Station,Rickmansworth Underground Station
Rickmansworth Underground Station,Chorleywood Underground Station
Chorleywood Underground Station,Chalfont & Latimer Underground Station
Chalfont & Latimer Underground Station,Chesham Underground Station
Chalfont & Latimer Underground Station,Amersham Underground Station
Amersham Underground Station,Chalfont & Latimer Underground Station
Chalfont & Latimer Underground Station,Chorleywood Underground Station
Chorleywood Underground Station,Rickmansworth Underground Station
Rickmansworth Underground Station,Moor Park Underground Station
Moor Park Underground Station,Northwood Underground Station
Northwood Underground Station,Northwood Hills Underground Station
Northwood Hills Underground Station,Pinner Underground Station
Pinner Underground Station,North Harrow Underground Station
North Harrow Underground Station,Harrow-on-the-Hill Underground Station
Harrow-on-the-Hill Underground Station,Northwick Park Underground Station
Northwick Park Underground Station,Preston Road Underground Station
Preston Road Underground Station,Wembley Park Underground Station
Wembley Park Underground Station,Finchley Road Underground Station
Finchley Road Underground Station,Baker Street Underground Station
Baker Street Underground Station,Great Portland Street Underground Station
Great Portland Street Underground Station,Euston Square Underground Station
Euston Square Underground Station,King's Cross St. Pancras Underground Station
King's Cross St. Pancras Underground Station,Farringdon Underground Station
Farringdon Underground Station,Barbican Underground Station
Barbican Underground Station,Moorgate Underground Station
Moorgate Underground Station,Liverpool Street Underground Station
Liverpool Street Underground Station,Aldgate Underground Station
Chesham Underground Station,Chalfont & Latimer Underground Station
Harrow-on-the-Hill Underground Station,West Harrow Underground Station
West Harrow Underground Station,Rayners Lane Underground Station
Rayners Lane Underground Station,Eastcote Underground Station
Eastcote Underground Station,Ruislip Manor Underground Station
Ruislip Manor Underground Station,Ruislip Underground Station
Ruislip Underground Station,Ickenham Underground Station
Ickenham Underground Station,Hillingdon Underground Station
Hillingdon Underground Station,Uxbridge Underground Station
Uxbridge Underground Station,Hillingdon Underground Station
Hillingdon Underground Station,Ickenham Underground Station
Ickenham Underground Station,Ruislip Underground Station
Ruislip Underground Station,Ruislip Manor Underground Station
Ruislip Manor Underground Station,Eastcote Underground Station
Eastcote Underground Station,Rayners Lane Underground Station
Rayners Lane Underground Station,West Harrow Underground Station
West Harrow Underground Station,Harrow-on-the-Hill Underground Station
Moor Park Underground Station,Croxley Underground Station
Croxley Underground Station,Watford Underground Station
Watford Underground Station,Croxley Underground Station
Croxley Underground Station,Moor Park Underground Station
High Barnet Underground Station,Totteridge & Whetstone Underground Station
Totteridge & Whetstone Underground Station,Woodside Park Underground Station
Woodside Park Underground Station,West Finchley Underground Station
West Finchley Underground Station,Finchley Central Underground Station
Finchley Central Underground Station,East Finchley Underground Station
East Finchley Underground Station,Highgate Underground Station
Highgate Underground Station,Archway Underground Station
Archway Underground Station,Tufnell Park Underground Station
Tufnell Park Underground Station,Kentish Town Underground Station
Kentish Town Underground Station,Camden Town Underground Station
Camden Town Underground Station,Mornington Crescent Underground Station
Mornington Crescent Underground Station,Euston Underground Station
Euston Underground Station,Warren Street Underground Station
Warren Street Underground Station,Goodge Street Underground Station
Goodge Street Underground Station,Tottenham Court Road Underground Station
Tottenham Court Road Underground Station,Leicester Square Underground Station
Leicester Square Underground Station,Charing Cross Underground Station
Charing Cross Underground Station,Embankment Underground Station
Embankment Underground Station,Waterloo Underground Station
Waterloo Underground Station,Kennington Underground Station
Kennington Underground Station,Oval Underground Station
Oval Underground Station,Stockwell Underground Station
Stockwell Underground Station,Clapham North Underground Station
Clapham North Underground Station,Clapham Common Underground Station
Clapham Common Underground Station,Clapham South Underground Station
Clapham South Underground Station,Balham Underground Station
Balham Underground Station,Tooting Bec Underground Station
Tooting Bec Underground Station,Tooting Broadway Underground Station
Tooting Broadway Underground Station,Colliers Wood Underground Station
Colliers Wood Underground Station,South Wimbledon Underground Station
South Wimbledon Underground Station,Morden Underground Station
Camden Town Underground Station,Euston Underground Station
Euston Underground Station,King's Cross St. Pancras Underground Station
King's Cross St. Pancras Underground Station,Angel Underground Station
Angel Underground Station,Old Street Underground Station
Old Street Underground Station,Moorgate Underground Station
Moorgate Underground Station,Bank Underground Station
Bank Underground Station,London Bridge Underground Station
London Bridge Underground Station,Borough Underground Station
Borough Underground Station,Elephant & Castle Underground Station
Elephant & Castle Underground Station,Kennington Underground Station
Morden Underground Station,South Wimbledon Underground Station
South Wimbledon Underground Station,Colliers Wood Underground Station
Colliers Wood Underground Station,Tooting Broadway Underground Station
Tooting Broadway Underground Station,Tooting Bec Underground Station
Tooting Bec Underground Station,Balham Underground Station
Balham Underground Station,Clapham South Underground Station
Clapham South Underground Station,Clapham Common Underground Station
Clapham Common Underground Station,Clapham North Underground Station
Clapham North Underground Station,Stockwell Underground Station
Stockwell Underground Station,Oval Underground Station
Oval Underground Station,Kennington Underground Station
Kennington Underground Station,Waterloo Underground Station
Waterloo Underground Station,Embankment Underground Station
Embankment Underground Station,Charing Cross Underground Station
Charing Cross Underground Station,Leicester Square Underground Station
Leicester Square Underground Station,Tottenham Court Road Underground Station
Tottenham Court Road Underground Station,Goodge Street Underground Station
Goodge Street Underground Station,Warren Street Underground Station
Warren Street Underground Station,Euston Underground Station
Euston Underground Station,Mornington Crescent Underground Station
Mornington Crescent Underground Station,Camden Town Underground Station
Camden Town Underground Station,Kentish Town Underground Station
Kentish Town Underground Station,Tufnell Park Underground Station
Tufnell Park Underground Station,Archway Underground Station
Archway Underground Station,Highgate Underground Station
Highgate Underground Station,East Finchley Underground Station
East Finchley Underground Station,Finchley Central Underground Station
Finchley Central Underground Station,West Finchley Underground Station
West Finchley Underground Station,Woodside Park Underground Station
Woodside Park Underground Station,Totteridge & Whetstone Underground Station
Totteridge & Whetstone Underground Station,High Barnet Underground Station
Kennington Underground Station,Elephant & Castle Underground Station
Elephant & Castle Underground Station,Borough Underground Station
Borough Underground Station,London Bridge Underground Station
London Bridge Underground Station,Bank Underground Station
Bank Underground Station,Moorgate Underground Station
Moorgate Underground Station,Old Street Underground Station
Old Street Underground Station,Angel Underground Station
Angel Underground Station,King's Cross St. Pancras Underground Station
King's Cross St. Pancras Underground Station,Euston Underground Station
Euston Underground Station,Camden Town Underground Station
Edgware Underground Station,Burnt Oak Underground Station
Burnt Oak Underground Station,Colindale Underground Station
Colindale Underground Station,Hendon Central Underground Station
Hendon Central Underground Station,Brent Cross Underground Station
Brent Cross Underground Station,Golders Green Underground Station
Golders Green Underground Station,Hampstead Underground Station
Hampstead Underground Station,Belsize Park Underground Station
Belsize Park Underground Station,Chalk Farm Underground Station
Chalk Farm Underground Station,Camden Town Underground Station
Camden Town Underground Station,Chalk Farm Underground Station
Chalk Farm Underground Station,Belsize Park Underground Station
Belsize Park Underground Station,Hampstead Underground Station
Hampstead Underground Station,Golders Green Underground Station
Golders Green Underground Station,Brent Cross Underground Station
Brent Cross Underground Station,Hendon Central Underground Station
Hendon Central Underground Station,Colindale Underground Station
Colindale Underground Station,Burnt Oak Underground Station
Burnt Oak Underground Station,Edgware Underground Station
Mill Hill East Underground Station,Finchley Central Underground Station
Finchley Central Underground Station,Mill Hill East Underground Station
Kennington Underground Station,Nine Elms Underground Station
Nine Elms Underground Station,Battersea Power Station Underground Station
Battersea Power Station Underground Station,Nine Elms Underground Station
Nine Elms Underground Station,Kennington Underground Station
Cockfosters Underground Station,Oakwood Underground Station
Oakwood Underground Station,Southgate Underground Station
Southgate Underground Station,Arnos Grove Underground Station
Arnos Grove Underground Station,Bounds Green Underground Station
Bounds Green Underground Station,Wood Green Underground Station
Wood Green Underground Station,Turnpike Lane Underground Station
Turnpike Lane Underground Station,Manor House Underground Station
Manor House Underground Station,Finsbury Park Underground Station
Finsbury Park Underground Station,Arsenal Underground Station
Arsenal Underground Station,Holloway Road Underground Station
Holloway Road Underground Station,Caledonian Road Underground Station
Caledonian Road Underground Station,King's Cross St. Pancras Underground Station
King's Cross St. Pancras Underground Station,Russell Square Underground Station
Russell Square Underground Station,Holborn Underground Station
Holborn Underground Station,Covent Garden Underground Station
Covent Garden Underground Station,Leicester Square Underground Station
Leicester Square Underground Station,Piccadilly Circus Underground Station
Piccadilly Circus Underground Station,Green Park Underground Station
Green Park Underground Station,Hyde Park Corner Underground Station
Hyde Park Corner Underground Station,Knightsbridge Underground Station
Knightsbridge Underground Station,South Kensington Underground Station
South Kensington Underground Station,Gloucester Road Underground Station
Gloucester Road Underground Station,Earl's Court Underground Station
Earl's Court Underground Station,Barons Court Underground Station
Barons Court Underground Station,Hammersmith (Dist&Picc Line) Underground Station
Hammersmith (Dist&Picc Line) Underground Station,Turnham Green Underground Station
Turnham Green Underground Station,Acton Town Underground Station
Acton Town Underground Station,Ealing Common Underground Station
Ealing Common Underground Station,North Ealing Underground Station
North Ealing Underground Station,Park Royal Underground Station
Park Royal Underground Station,Alperton Underground Station
Alperton Underground Station,Sudbury Town Underground Station
Sudbury Town Underground Station,Sudbury Hill Underground Station
Sudbury Hill Underground Station,South Harrow Underground Station
South Harrow Underground Station,Rayners Lane Underground Station
Rayners Lane Underground Station,Eastcote Underground Station
Eastcote Underground Station,Ruislip Manor Underground Station
Ruislip Manor Underground Station,Ruislip Underground Station
Ruislip Underground Station,Ickenham Underground Station
Ickenham Underground Station,Hillingdon Underground Station
Hillingdon Underground Station,Uxbridge Underground Station
Uxbridge Underground Station,Hillingdon Underground Station
Hillingdon Underground Station,Ickenham Underground Station
Ickenham Underground Station,Ruislip Underground Station
Ruislip Underground Station,Ruislip Manor Underground Station
Ruislip Manor Underground Station,Eastcote Underground Station
Eastcote Underground Station,Rayners Lane Underground Station
Rayners Lane Underground Station,South Harrow Underground Station
South Harrow Underground Station,Sudbury Hill Underground Station
Sudbury Hill Underground Station,Sudbury Town Underground Station
Sudbury Town Underground Station,Alperton Underground Station
Alperton Underground Station,Park Royal Underground Station
Park Royal Underground Station,North Ealing Underground Station
North Ealing Underground Station,Ealing Common Underground Station
Ealing Common Underground Station,Acton Town Underground Station
Acton Town Underground Station,Turnham Green Underground Station
Turnham Green Underground Station,Hammersmith (Dist&Picc Line) Underground Station
Hammersmith (Dist&Picc Line) Underground Station,Barons Court Underground Station
Barons Court Underground Station,Earl's Court Underground Station
Earl's Court Underground Station,Gloucester Road Underground Station
Gloucester Road Underground Station,South Kensington Underground Station
South Kensington Underground Station,Knightsbridge Underground Station
Knightsbridge Underground Station,Hyde Park Corner Underground Station
Hyde Park Corner Underground Station,Green Park Underground Station
Green Park Underground Station,Piccadilly Circus Underground Station
Piccadilly Circus Underground Station,Leicester Square Underground Station
Leicester Square Underground Station,Covent Garden Underground Station
Covent Garden Underground Station,Holborn Underground Station
Holborn Underground Station,Russell Square Underground Station
Russell Square Underground Station,King's Cross St. Pancras Underground Station
King's Cross St. Pancras Underground Station,Caledonian Road Underground Station
Caledonian Road Underground Station,Holloway Road Underground Station
Holloway Road Underground Station,Arsenal Underground Station
Arsenal Underground Station,Finsbury Park Underground Station
Finsbury Park Underground Station,Manor House Underground Station
Manor House Underground Station,Turnpike Lane Underground Station
Turnpike Lane Underground Station,Wood Green Underground Station
Wood Green Underground Station,Bounds Green Underground Station
Bounds Green Underground Station,Arnos Grove Underground Station
Arnos Grove Underground Station,Southgate Underground Station
Southgate Underground Station,Oakwood Underground Station
Oakwood Underground Station,Cockfosters Underground Station
Acton Town Underground Station,South Ealing Underground Station
South Ealing Underground Station,Northfields Underground Station
Northfields Underground Station,Boston Manor Underground Station
Boston Manor Underground Station,Osterley Underground Station
Osterley Underground Station,Hounslow East Underground Station
Hounslow East Underground Station,Hounslow Central Underground Station
Hounslow Central Underground Station,Hounslow West Underground Station
Hounslow West Underground Station,Hatton Cross Underground Station
Hatton Cross Underground Station,Heathrow Terminals 2 & 3 Underground Station
Heathrow Terminals 2 & 3 Underground Station,Heathrow Terminal 5 Underground Station
Heathrow Terminal 4 Underground Station,Heathrow Terminals 2 & 3 Underground Station
Heathrow Terminals 2 & 3 Underground Station,Hatton Cross Underground Station
Hatton Cross Underground Station,Hounslow West Underground Station
Hounslow West Underground Station,Hounslow Central Underground Station
Hounslow Central Underground Station,Hounslow East Underground Station
Hounslow East Underground Station,Osterley Underground Station
Osterley Underground Station,Boston Manor Underground Station
Boston Manor Underground Station,Northfields Underground Station
Northfields Underground Station,South Ealing Underground Station
South Ealing Underground Station,Acton Town Underground Station
Heathrow Terminal 5 Underground Station,Heathrow Terminals 2 & 3 Underground Station
Hatton Cross Underground Station,Heathrow Terminal 4 Underground Station
Walthamstow Central Underground Station,Blackhorse Road Underground Station
Blackhorse Road Underground Station,Tottenham Hale Underground Station
Tottenham Hale Underground Station,Seven Sisters Underground Station
Seven Sisters Underground Station,Finsbury Park Underground Station
Finsbury Park Underground Station,Highbury & Islington Underground Station
Highbury & Islington Underground Station,King's Cross St. Pancras Underground Station
King's Cross St. Pancras Underground Station,Euston Underground Station
Euston Underground Station,Warren Street Underground Station
Warren Street Underground Station,Oxford Circus Underground Station
Oxford Circus Underground Station,Green Park Underground Station
Green Park Underground Station,Victoria Underground Station
Victoria Underground Station,Pimlico Underground Station
Pimlico Underground Station,Vauxhall Underground Station
Vauxhall Underground Station,Stockwell Underground Station
Stockwell Underground Station,Brixton Underground Station
Brixton Underground Station,Stockwell Underground Station
Stockwell Underground Station,Vauxhall Underground Station
Vauxhall Underground Station,Pimlico Underground Station
Pimlico Underground Station,Victoria Underground Station
Victoria Underground Station,Green Park Underground Station
Green Park Underground Station,Oxford Circus Underground Station
Oxford Circus Underground Station,Warren Street Underground Station
Warren Street Underground Station,Euston Underground Station
Euston Underground Station,King's Cross St. Pancras Underground Station
King's Cross St. Pancras Underground Station,Highbury & Islington Underground Station
Highbury & Islington Underground Station,Finsbury Park Underground Station
Finsbury Park Underground Station,Seven Sisters Underground Station
Seven Sisters Underground Station,Tottenham Hale Underground Station
Tottenham Hale Underground Station,Blackhorse Road Underground Station
Blackhorse Road Underground Station,Walthamstow Central Underground Station
Bank Underground Station,Waterloo Underground Station
Waterloo Underground Station,Bank Underground Station
