station_a,station_b,line
Harrow & Wealdstone Underground Station,Kenton Underground Station,bakerloo
Kenton Underground Station,South Kenton Underground Station,bakerloo
South Kenton Underground Station,North Wembley Underground Station,bakerloo
North Wembley Underground Station,Wembley Central Underground Station,bakerloo
Wembley Central Underground Station,Stonebridge Park Underground Station,bakerloo
Stonebridge Park Underground Station,Harlesden Underground Station,bakerloo
Harlesden Underground Station,Willesden Junction Underground Station,bakerloo
Willesden Junction Underground Station,Kensal Green Underground Station,bakerloo
Kensal Green Underground Station,Queen's Park Underground Station,bakerloo
Queen's Park Underground Station,Kilburn Park Underground Station,bakerloo
Kilburn Park Underground Station,Maida Vale Underground Station,bakerloo
Maida Vale Underground Station,Warwick Avenue Underground Station,bakerloo
Warwick Avenue Underground Station,Paddington Underground Station,bakerloo
Paddington Underground Station,Edgware Road (Bakerloo) Underground Station,bakerloo
Edgware Road (Bakerloo) Underground Station,Marylebone Underground Station,bakerloo
Marylebone Underground Station,Baker Street Underground Station,bakerloo
Baker Street Underground Station,Regent's Park Underground Station,bakerloo
Regent's Park Underground Station,Oxford Circus Underground Station,bakerloo
Oxford Circus Underground Station,Piccadilly Circus Underground Station,bakerloo
Piccadilly Circus Underground Station,Charing Cross Underground Station,bakerloo
Charing Cross Underground Station,Embankment Underground Station,bakerloo
Embankment Underground Station,Waterloo Underground Station,bakerloo
Waterloo Underground Station,Lambeth North Underground Station,bakerloo
Lambeth North Underground Station,Elephant & Castle Underground Station,bakerloo
Elephant & Castle Underground Station,Lambeth North Underground Station,bakerloo
Lambeth North Underground Station,Waterloo Underground Station,bakerloo
Waterloo Underground Station,Embankment Underground Station,bakerloo
Embankment Underground Station,Charing Cross Underground Station,bakerloo
Charing Cross Underground Station,Piccadilly Circus Underground Station,bakerloo
Piccadilly Circus Underground Station,Oxford Circus Underground Station,bakerloo
Oxford Circus Underground Station,Regent's Park Underground Station,bakerloo
Regent's Park Underground Station,Baker Street Underground Station,bakerloo
Baker Street Underground Station,Marylebone Underground Station,bakerloo
Marylebone Underground Station,Edgware Road (Bakerloo) Underground Station,bakerloo
Edgware Road (Bakerloo) Underground Station,Paddington Underground Station,bakerloo
Paddington Underground Station,Warwick Avenue Underground Station,bakerloo
Warwick Avenue Underground Station,Maida Vale Underground Station,bakerloo
Maida Vale Underground Station,Kilburn Park Underground Station,bakerloo
Kilburn Park Underground Station,Queen's Park Underground Station,bakerloo
Queen's Park Underground Station,Kensal Green Underground Station,bakerloo
Kensal Green Underground Station,Willesden Junction Underground Station,bakerloo
Willesden Junction Underground Station,Harlesden Underground Station,bakerloo
Harlesden Underground Station,Stonebridge Park Underground Station,bakerloo
Stonebridge Park Underground Station,Wembley Central Underground Station,bakerloo
Wembley Central Underground Station,North Wembley Underground Station,bakerloo
North Wembley Underground Station,South Kenton Underground Station,bakerloo
South Kenton Underground Station,Kenton Underground Station,bakerloo
Kenton Underground Station,Harrow & Wealdstone Underground Station,bakerloo
Epping Underground Station,Theydon Bois Underground Station,central
Theydon Bois Underground Station,Debden Underground Station,central
Debden Underground Station,Loughton Underground Station,central
Loughton Underground Station,Buckhurst Hill Underground Station,central
Buckhurst Hill Underground Station,Woodford Underground Station,central
Woodford Underground Station,South Woodford Underground Station,central
South Woodford Underground Station,Snaresbrook Underground Station,central
Snaresbrook Underground Station,Leytonstone Underground Station,central
Leytonstone Underground Station,Leyton Underground Station,central
Leyton Underground Station,Stratford Underground Station,central
Stratford Underground Station,Mile End Underground Station,central
Mile End Underground Station,Bethnal Green Underground Station,central
Bethnal Green Underground Station,Liverpool Street Underground Station,central
Liverpool Street Underground Station,Bank Underground Station,central
Bank Underground Station,St. Paul's Underground Station,central
St. Paul's Underground Station,Chancery Lane Underground Station,central
Chancery Lane Underground Station,Holborn Underground Station,central
Holborn Underground Station,Tottenham Court Road Underground Station,central
Tottenham Court Road Underground Station,Oxford Circus Underground Station,central
Oxford Circus Underground Station,Bond Street Underground Station,central
Bond Street Underground Station,Marble Arch Underground Station,central
Marble Arch Underground Station,Lancaster Gate Underground Station,central
Lancaster Gate Underground Station,Queensway Underground Station,central
Queensway Underground Station,Notting Hill Gate Underground Station,central
Notting Hill Gate Underground Station,Holland Park Underground Station,central
Holland Park Underground Station,Shepherd's Bush (Central) Underground Station,central
Shepherd's Bush (Central) Underground Station,White City Underground Station,central
White City Underground Station,East Acton Underground Station,central
East Acton Underground Station,North Acton Underground Station,central
North Acton Underground Station,Hanger Lane Underground Station,central
Hanger Lane Underground Station,Perivale Underground Station,central
Perivale Underground Station,Greenford Underground Station,central
Greenford Underground Station,Northolt Underground Station,central
Northolt Underground Station,South Ruislip Underground Station,central
South Ruislip Underground Station,Ruislip Gardens Underground Station,central
Ruislip Gardens Underground Station,West Ruislip Underground Station,central
West Ruislip Underground Station,Ruislip Gardens Underground Station,central
Ruislip Gardens Underground Station,South Ruislip Underground Station,central
South Ruislip Underground Station,Northolt Underground Station,central
Northolt Underground Station,Greenford Underground Station,central
Greenford Underground Station,Perivale Underground Station,central
Perivale Underground Station,Hanger Lane Underground Station,central
Hanger Lane Underground Station,North Acton Underground Station,central
North Acton Underground Station,East Acton Underground Station,central
East Acton Underground Station,White City Underground Station,central
White City Underground Station,Shepherd's Bush (Central) Underground Station,central
Shepherd's Bush (Central) Underground Station,Holland Park Underground Station,central
Holland Park Underground Station,Notting Hill Gate Underground Station,central
Notting Hill Gate Underground Station,Queensway Underground Station,central
Queensway Underground Station,Lancaster Gate Underground Station,central
Lancaster Gate Underground Station,Marble Arch Underground Station,central
Marble Arch Underground Station,Bond Street Underground Station,central
Bond Street Underground Station,Oxford Circus Underground Station,central
Oxford Circus Underground Station,Tottenham Court Road Underground Station,central
Tottenham Court Road Underground Station,Holborn Underground Station,central
Holborn Underground Station,Chancery Lane Underground Station,central
Chancery Lane Underground Station,St. Paul's Underground Station,central
St. Paul's Underground Station,Bank Underground Station,central
Bank Underground Station,Liverpool Street Underground Station,central
Liverpool Street Underground Station,Bethnal Green Underground Station,central
Bethnal Green Underground Station,Mile End Underground Station,central
Mile End Underground Station,Stratford Underground Station,central
Stratford Underground Station,Leyton Underground Station,central
Leyton Underground Station,Leytonstone Underground Station,central
Leytonstone Underground Station,Snaresbrook Underground Station,central
Snaresbrook Underground Station,South Woodford Underground Station,central
South Woodford Underground Station,Woodford Underground Station,central
Woodford Underground Station,Buckhurst Hill Underground Station,central
Buckhurst Hill Underground Station,Loughton Underground Station,central
Loughton Underground Station,Debden Underground Station,central
Debden Underground Station,Theydon Bois Underground Station,central
Theydon Bois Underground Station,Epping Underground Station,central
Hainault Underground Station,Fairlop Underground Station,central
Fairlop Underground Station,Barkingside Underground Station,central
Barkingside Underground Station,Newbury Park Underground Station,central
Newbury Park Underground Station,Gants Hill Underground Station,central
Gants Hill Underground Station,Redbridge Underground Station,central
Redbridge Underground Station,Wanstead Underground Station,central
Wanstead Underground Station,Leytonstone Underground Station,central
Hainault Underground Station,Grange Hill Underground Station,central
Grange Hill Underground Station,Chigwell Underground Station,central
Chigwell Underground Station,Roding Valley Underground Station,central
Roding Valley Underground Station,Woodford Underground Station,central
Leytonstone Underground Station,Wanstead Underground Station,central
Wanstead Underground Station,Redbridge Underground Station,central
Redbridge Underground Station,Gants Hill Underground Station,central
Gants Hill Underground Station,Newbury Park Underground Station,central
Newbury Park Underground Station,Barkingside Underground Station,central
Barkingside Underground Station,Fairlop Underground Station,central
Fairlop Underground Station,Hainault Underground Station,central
Woodford Underground Station,Roding Valley Underground Station,central
Roding Valley Underground Station,Chigwell Underground Station,central
Chigwell Underground Station,Grange Hill Underground Station,central
Grange Hill Underground Station,Hainault Underground Station,central
North Acton Underground Station,West Acton Underground Station,central
West Acton Underground Station,Ealing Broadway Underground Station,central
Ealing Broadway Underground Station,West Acton Underground Station,central
West Acton Underground Station,North Acton Underground Station,central
Edgware Road (Circle Line) Underground Station,Paddington Underground Station,circle
Paddington Underground Station,Bayswater Underground Station,circle
Bayswater Underground Station,Notting Hill Gate Underground Station,circle
Notting Hill Gate Underground Station,High Street Kensington Underground Station,circle
High Street Kensington Underground Station,Gloucester Road Underground Station,circle
Gloucester Road Underground Station,South Kensington Underground Station,circle
South Kensington Underground Station,Sloane Square Underground Station,circle
Sloane Square Underground Station,Victoria Underground Station,circle
Victoria Underground Station,St. James's Park Underground Station,circle
St. James's Park Underground Station,Westminster Underground Station,circle
Westminster Underground Station,Embankment Underground Station,circle
Embankment Underground Station,Temple Underground Station,circle
Temple Underground Station,Blackfriars Underground Station,circle
Blackfriars Underground Station,Mansion House Underground Station,circle
Mansion House Underground Station,Cannon Street Underground Station,circle
Cannon Street Underground Station,Monument Underground Station,circle
Monument Underground Station,Tower Hill Underground Station,circle
Tower Hill Underground Station,Aldgate Underground Station,circle
Aldgate Underground Station,Liverpool Street Underground Station,circle
Liverpool Street Underground Station,Moorgate Underground Station,circle
Moorgate Underground Station,Barbican Underground Station,circle
Barbican Underground Station,Farringdon Underground Station,circle
Farringdon Underground Station,King's Cross St. Pancras Underground Station,circle
King's Cross St. Pancras Underground Station,Euston Square Underground Station,circle
Euston Square Underground Station,Great Portland Street Underground Station,circle
Great Portland Street Underground Station,Baker Street Underground Station,circle
Baker Street Underground Station,Edgware Road (Circle Line) Underground Station,circle
Edgware Road (Circle Line) Underground Station,Paddington (H&C Line)-Underground,circle
Paddington (H&C Line)-Underground,Royal Oak Underground Station,circle
Royal Oak Underground Station,Westbourne Park Underground Station,circle
Westbourne Park Underground Station,Ladbroke Grove Underground Station,circle
Ladbroke Grove Underground Station,Latimer Road Underground Station,circle
Latimer Road Underground Station,Wood Lane Underground Station,circle
Wood Lane Underground Station,Shepherd's Bush Market Underground Station,circle
Shepherd's Bush Market Underground Station,Goldhawk Road Underground Station,circle
Goldhawk Road Underground Station,Hammersmith (H&C Line) Underground Station,circle
Hammersmith (H&C Line) Underground Station,Goldhawk Road Underground Station,circle
Goldhawk Road Underground Station,Shepherd's Bush Market Underground Station,circle
Shepherd's Bush Market Underground Station,Wood Lane Underground Station,circle
Wood Lane Underground Station,Latimer Road Underground Station,circle
Latimer Road Underground Station,Ladbroke Grove Underground Station,circle
Ladbroke Grove Underground Station,Westbourne Park Underground Station,circle
Westbourne Park Underground Station,Royal Oak Underground Station,circle
Royal Oak Underground Station,Paddington (H&C Line)-Underground,circle
Paddington (H&C Line)-Underground,Edgware Road (Circle Line) Underground Station,circle
Edgware Road (Circle Line) Underground Station,Baker Street Underground Station,circle
Baker Street Underground Station,Great Portland Street Underground Station,circle
Great Portland Street Underground Station,Euston Square Underground Station,circle
Euston Square Underground Station,King's Cross St. Pancras Underground Station,circle
King's Cross St. Pancras Underground Station,Farringdon Underground Station,circle
Farringdon Underground Station,Barbican Underground Station,circle
Barbican Underground Station,Moorgate Underground Station,circle
Moorgate Underground Station,Liverpool Street Underground Station,circle
Liverpool Street Underground Station,Aldgate Underground Station,circle
Aldgate Underground Station,Tower Hill Underground Station,circle
Tower Hill Underground Station,Monument Underground Station,circle
Monument Underground Station,Cannon Street Underground Station,circle
Cannon Street Underground Station,Mansion House Underground Station,circle
Mansion House Underground Station,Blackfriars Underground Station,circle
Blackfriars Underground Station,Temple Underground Station,circle
Temple Underground Station,Embankment Underground Station,circle
Embankment Underground Station,Westminster Underground Station,circle
Westminster Underground Station,St. James's Park Underground Station,circle
St. James's Park Underground Station,Victoria Underground Station,circle
Victoria Underground Station,Sloane Square Underground Station,circle
Sloane Square Underground Station,South Kensington Underground Station,circle
South Kensington Underground Station,Gloucester Road Underground Station,circle
Gloucester Road Underground Station,High Street Kensington Underground Station,circle
High Street Kensington Underground Station,Notting Hill Gate Underground Station,circle
Notting Hill Gate Underground Station,Bayswater Underground Station,circle
Bayswater Underground Station,Paddington Underground Station,circle
Paddington Underground Station,Edgware Road (Circle Line) Underground Station,circle
Upminster Underground Station,Upminster Bridge Underground Station,district
Upminster Bridge Underground Station,Hornchurch Underground Station,district
Hornchurch Underground Station,Elm Park Underground Station,district
Elm Park Underground Station,Dagenham East Underground Station,district
Dagenham East Underground Station,Dagenham Heathway Underground Station,district
Dagenham Heathway Underground Station,Becontree Underground Station,district
Becontree Underground Station,Upney Underground Station,district
Upney Underground Station,Barking Underground Station,district
Barking Underground Station,East Ham Underground Station,district
East Ham Underground Station,Upton Park Underground Station,district
Upton Park Underground Station,Plaistow Underground Station,district
Plaistow Underground Station,West Ham Underground Station,district
West Ham Underground Station,Bromley-by-Bow Underground Station,district
Bromley-by-Bow Underground Station,Bow Road Underground Station,district
Bow Road Underground Station,Mile End Underground Station,district
Mile End Underground Station,Stepney Green Underground Station,district
Stepney Green Underground Station,Whitechapel Underground Station,district
Whitechapel Underground Station,Aldgate East Underground Station,district
Aldgate East Underground Station,Tower Hill Underground Station,district
Tower Hill Underground Station,Monument Underground Station,district
Monument Underground Station,Cannon Street Underground Station,district
Cannon Street Underground Station,Mansion House Underground Station,district
Mansion House Underground Station,Blackfriars Underground Station,district
Blackfriars Underground Station,Temple Underground Station,district
Temple Underground Station,Embankment Underground Station,district
Embankment Underground Station,Westminster Underground Station,district
Westminster Underground Station,St. James's Park Underground Station,district
St. James's Park Underground Station,Victoria Underground Station,district
Victoria Underground Station,Sloane Square Underground Station,district
Sloane Square Underground Station,South Kensington Underground Station,district
South Kensington Underground Station,Gloucester Road Underground Station,district
Gloucester Road Underground Station,Earl's Court Underground Station,district
Earl's Court Underground Station,West Kensington Underground Station,district
West Kensington Underground Station,Barons Court Underground Station,district
Barons Court Underground Station,Hammersmith (Dist&Picc Line) Underground Station,district
Hammersmith (Dist&Picc Line) Underground Station,Ravenscourt Park Underground Station,district
Ravenscourt Park Underground Station,Stamford Brook Underground Station,district
Stamford Brook Underground Station,Turnham Green Underground Station,district
Turnham Green Underground Station,Chiswick Park Underground Station,district
Chiswick Park Underground Station,Acton Town Underground Station,district
Acton Town Underground Station,Ealing Common Underground Station,district
Ealing Common Underground Station,Ealing Broadway Underground Station,district
Ealing Broadway Underground Station,Ealing Common Underground Station,district
Ealing Common Underground Station,Acton Town Underground Station,district
Acton Town Underground Station,Chiswick Park Underground Station,district
Chiswick Park Underground Station,Turnham Green Underground Station,district
Turnham Green Underground Station,Stamford Brook Underground Station,district
Stamford Brook Underground Station,Ravenscourt Park Underground Station,district
Ravenscourt Park Underground Station,Hammersmith (Dist&Picc Line) Underground Station,district
Hammersmith (Dist&Picc Line) Underground Station,Barons Court Underground Station,district
Barons Court Underground Station,West Kensington Underground Station,district
West Kensington Underground Station,Earl's Court Underground Station,district
Earl's Court Underground Station,Gloucester Road Underground Station,district
Gloucester Road Underground Station,South Kensington Underground Station,district
South Kensington Underground Station,Sloane Square Underground Station,district
Sloane Square Underground Station,Victoria Underground Station,district
Victoria Underground Station,St. James's Park Underground Station,district
St. James's Park Underground Station,Westminster Underground Station,district
Westminster Underground Station,Embankment Underground Station,district
Embankment Underground Station,Temple Underground Station,district
Temple Underground Station,Blackfriars Underground Station,district
Blackfriars Underground Station,Mansion House Underground Station,district
Mansion House Underground Station,Cannon Street Underground Station,district
Cannon Street Underground Station,Monument Underground Station,district
Monument Underground Station,Tower Hill Underground Station,district
Tower Hill Underground Station,Aldgate East Underground Station,district
Aldgate East Underground Station,Whitechapel Underground Station,district
Whitechapel Underground Station,Stepney Green Underground Station,district
Stepney Green Underground Station,Mile End Underground Station,district
Mile End Underground Station,Bow Road Underground Station,district
Bow Road Underground Station,Bromley-by-Bow Underground Station,district
Bromley-by-Bow Underground Station,West Ham Underground Station,district
West Ham Underground Station,Plaistow Underground Station,district
Plaistow Underground Station,Upton Park Underground Station,district
Upton Park Underground Station,East Ham Underground Station,district
East Ham Underground Station,Barking Underground Station,district
Barking Underground Station,Upney Underground Station,district
Upney Underground Station,Becontree Underground Station,district
Becontree Underground Station,Dagenham Heathway Underground Station,district
Dagenham Heathway Underground Station,Dagenham East Underground Station,district
Dagenham East Underground Station,Elm Park Underground Station,district
Elm Park Underground Station,Hornchurch Underground Station,district
Hornchurch Underground Station,Upminster Bridge Underground Station,district
Upminster Bridge Underground Station,Upminster Underground Station,district
Turnham Green Underground Station,Gunnersbury Underground Station,district
Gunnersbury Underground Station,Kew Gardens Underground Station,district
Kew Gardens Underground Station,Richmond Underground Station,district
Richmond Underground Station,Kew Gardens Underground Station,district
Kew Gardens Underground Station,Gunnersbury Underground Station,district
Gunnersbury Underground Station,Turnham Green Underground Station,district
Earl's Court Underground Station,West Brompton Underground Station,district
West Brompton Underground Station,Fulham Broadway Underground Station,district
Fulham Broadway Underground Station,Parsons Green Underground Station,district
Parsons Green Underground Station,Putney Bridge Underground Station,district
Putney Bridge Underground Station,East Putney Underground Station,district
East Putney Underground Station,Southfields Underground Station,district
Southfields Underground Station,Wimbledon Park Underground Station,district
Wimbledon Park Underground Station,Wimbledon Underground Station,district
Wimbledon Underground Station,Wimbledon Park Underground Station,district
Wimbledon Park Underground Station,Southfields Underground Station,district
Southfields Underground Station,East Putney Underground Station,district
East Putney Underground Station,Putney Bridge Underground Station,district
Putney Bridge Underground Station,Parsons Green Underground Station,district
Parsons Green Underground Station,Fulham Broadway Underground Station,district
Fulham Broadway Underground Station,West Brompton Underground Station,district
West Brompton Underground Station,Earl's Court Underground Station,district
Edgware Road (Circle Line) Underground Station,Paddington Underground Station,district
Paddington Underground Station,Bayswater Underground Station,district
Bayswater Underground Station,Notting Hill Gate Underground Station,district
Notting Hill Gate Underground Station,High Street Kensington Underground Station,district
High Street Kensington Underground Station,Earl's Court Underground Station,district
Earl's Court Underground Station,High Street Kensington Underground Station,district
High Street Kensington Underground Station,Notting Hill Gate Underground Station,district
Notting Hill Gate Underground Station,Bayswater Underground Station,district
Bayswater Underground Station,Paddington Underground Station,district
Paddington Underground Station,Edgware Road (Circle Line) Underground Station,district
Earl's Court Underground Station,Kensington (Olympia) Underground Station,district
Kensington (Olympia) Underground Station,Earl's Court Underground Station,district
Barking Underground Station,East Ham Underground Station,hammersmith-city
East Ham Underground Station,Upton Park Underground Station,hammersmith-city
Upton Park Underground Station,Plaistow Underground Station,hammersmith-city
Plaistow Underground Station,West Ham Underground Station,hammersmith-city
West Ham Underground Station,Bromley-by-Bow Underground Station,hammersmith-city
Bromley-by-Bow Underground Station,Bow Road Underground Station,hammersmith-city
Bow Road Underground Station,Mile End Underground Station,hammersmith-city
Mile End Underground Station,Stepney Green Underground Station,hammersmith-city
Stepney Green Underground Station,Whitechapel Underground Station,hammersmith-city
Whitechapel Underground Station,Aldgate East Underground Station,hammersmith-city
Aldgate East Underground Station,Liverpool Street Underground Station,hammersmith-city
Liverpool Street Underground Station,Moorgate Underground Station,hammersmith-city
Moorgate Underground Station,Barbican Underground Station,hammersmith-city
Barbican Underground Station,Farringdon Underground Station,hammersmith-city
Farringdon Underground Station,King's Cross St. Pancras Underground Station,hammersmith-city
King's Cross St. Pancras Underground Station,Euston Square Underground Station,hammersmith-city
Euston Square Underground Station,Great Portland Street Underground Station,hammersmith-city
Great Portland Street Underground Station,Baker Street Underground Station,hammersmith-city
Baker Street Underground Station,Edgware Road (Circle Line) Underground Station,hammersmith-city
Edgware Road (Circle Line) Underground Station,Paddington (H&C Line)-Underground,hammersmith-city
Paddington (H&C Line)-Underground,Royal Oak Underground Station,hammersmith-city
Royal Oak Underground Station,Westbourne Park Underground Station,hammersmith-city
Westbourne Park Underground Station,Ladbroke Grove Underground Station,hammersmith-city
Ladbroke Grove Underground Station,Latimer Road Underground Station,hammersmith-city
Latimer Road Underground Station,Wood Lane Underground Station,hammersmith-city
Wood Lane Underground Station,Shepherd's Bush Market Underground Station,hammersmith-city
Shepherd's Bush Market Underground Station,Goldhawk Road Underground Station,hammersmith-city
Goldhawk Road Underground Station,Hammersmith (H&C Line) Underground Station,hammersmith-city
Hammersmith (H&C Line) Underground Station,Goldhawk Road Underground Station,hammersmith-city
Goldhawk Road Underground Station,Shepherd's Bush Market Underground Station,hammersmith-city
Shepherd's Bush Market Underground Station,Wood Lane Underground Station,hammersmith-city
Wood Lane Underground Station,Latimer Road Underground Station,hammersmith-city
Latimer Road Underground Station,Ladbroke Grove Underground Station,hammersmith-city
Ladbroke Grove Underground Station,Westbourne Park Underground Station,hammersmith-city
Westbourne Park Underground Station,Royal Oak Underground Station,hammersmith-city
Royal Oak Underground Station,Paddington (H&C Line)-Underground,hammersmith-city
Paddington (H&C Line)-Underground,Edgware Road (Circle Line) Underground Station,hammersmith-city
Edgware Road (Circle Line) Underground Station,Baker Street Underground Station,hammersmith-city
Baker Street Underground Station,Great Portland Street Underground Station,hammersmith-city
Great Portland Street Underground Station,Euston Square Underground Station,hammersmith-city
Euston Square Underground Station,King's Cross St. Pancras Underground Station,hammersmith-city
King's Cross St. Pancras Underground Station,Farringdon Underground Station,hammersmith-city
Farringdon Underground Station,Barbican Underground Station,hammersmith-city
Barbican Underground Station,Moorgate Underground Station,hammersmith-city
Moorgate Underground Station,Liverpool Street Underground Station,hammersmith-city
Liverpool Street Underground Station,Aldgate East Underground Station,hammersmith-city
Aldgate East Underground Station,Whitechapel Underground Station,hammersmith-city
Whitechapel Underground Station,Stepney Green Underground Station,hammersmith-city
Stepney Green Underground Station,Mile End Underground Station,hammersmith-city
Mile End Underground Station,Bow Road Underground Station,hammersmith-city
Bow Road Underground Station,Bromley-by-Bow Underground Station,hammersmith-city
Bromley-by-Bow Underground Station,West Ham Underground Station,hammersmith-city
West Ham Underground Station,Plaistow Underground Station,hammersmith-city
Plaistow Underground Station,Upton Park Underground Station,hammersmith-city
Upton Park Underground Station,East Ham Underground Station,hammersmith-city
East Ham Underground Station,Barking Underground Station,hammersmith-city
Stratford Underground Station,West Ham Underground Station,jubilee
West Ham Underground Station,Canning Town Underground Station,jubilee
Canning Town Underground Station,North Greenwich Underground Station,jubilee
North Greenwich Underground Station,Canary Wharf Underground Station,jubilee
Canary Wharf Underground Station,Canada Water Underground Station,jubilee
Canada Water Underground Station,Bermondsey Underground Station,jubilee
Bermondsey Underground Station,London Bridge Underground Station,jubilee
London Bridge Underground Station,Southwark Underground Station,jubilee
Southwark Underground Station,Waterloo Underground Station,jubilee
Waterloo Underground Station,Westminster Underground Station,jubilee
Westminster Underground Station,Green Park Underground Station,jubilee
Green Park Underground Station,Bond Street Underground Station,jubilee
Bond Street Underground Station,Baker Street Underground Station,jubilee
Baker Street Underground Station,St. John's Wood Underground Station,jubilee
St. John's Wood Underground Station,Swiss Cottage Underground Station,jubilee
Swiss Cottage Underground Station,Finchley Road Underground Station,jubilee
Finchley Road Underground Station,West Hampstead Underground Station,jubilee
West Hampstead Underground Station,Kilburn Underground Station,jubilee
Kilburn Underground Station,Willesden Green Underground Station,jubilee
Willesden Green Underground Station,Dollis Hill Underground Station,jubilee
Dollis Hill Underground Station,Neasden Underground Station,jubilee
Neasden Underground Station,Wembley Park Underground Station,jubilee
Wembley Park Underground Station,Kingsbury Underground Station,jubilee
Kingsbury Underground Station,Queensbury Underground Station,jubilee
Queensbury Underground Station,Canons Park Underground Station,jubilee
Canons Park Underground Station,Stanmore Underground Station,jubilee
Stanmore Underground Station,Canons Park Underground Station,jubilee
Canons Park Underground Station,Queensbury Underground Station,jubilee
Queensbury Underground Station,Kingsbury Underground Station,jubilee
Kingsbury Underground Station,Wembley Park Underground Station,jubilee
Wembley Park Underground Station,Neasden Underground Station,jubilee
Neasden Underground Station,Dollis Hill Underground Station,jubilee
Dollis Hill Underground Station,Willesden Green Underground Station,jubilee
Willesden Green Underground Station,Kilburn Underground Station,jubilee
Kilburn Underground Station,West Hampstead Underground Station,jubilee
West Hampstead Underground Station,Finchley Road Underground Station,jubilee
Finchley Road Underground Station,Swiss Cottage Underground Station,jubilee
Swiss Cottage Underground Station,St. John's Wood Underground Station,jubilee
St. John's Wood Underground Station,Baker Street Underground Station,jubilee
Baker Street Underground Station,Bond Street Underground Station,jubilee
Bond Street Underground Station,Green Park Underground Station,jubilee
Green Park Underground Station,Westminster Underground Station,jubilee
Westminster Underground Station,Waterloo Underground Station,jubilee
Waterloo Underground Station,Southwark Underground Station,jubilee
Southwark Underground Station,London Bridge Underground Station,jubilee
London Bridge Underground Station,Bermondsey Underground Station,jubilee
Bermondsey Underground Station,Canada Water Underground Station,jubilee
Canada Water Underground Station,Canary Wharf Underground Station,jubilee
Canary Wharf Underground Station,North Greenwich Underground Station,jubilee
North Greenwich Underground Station,Canning Town Underground Station,jubilee
Canning Town Underground Station,West Ham Underground Station,jubilee
West Ham Underground Station,Stratford Underground Station,jubilee
Aldgate Underground Station,Liverpool Street Underground Station,metropolitan
Liverpool Street Underground Station,Moorgate Underground Station,metropolitan
Moorgate Underground Station,Barbican Underground Station,metropolitan
Barbican Underground Station,Farringdon Underground Station,metropolitan
Farringdon Underground Station,King's Cross St. Pancras Underground Station,metropolitan
King's Cross St. Pancras Underground Station,Euston Square Underground Station,metropolitan
Euston Square Underground Station,Great Portland Street Underground Station,metropolitan
Great Portland Street Underground Station,Baker Street Underground Station,metropolitan
Baker Street Underground Station,Finchley Road Underground Station,metropolitan
Finchley Road Underground Station,Wembley Park Underground Station,metropolitan
Wembley Park Underground Station,Preston Road Underground Station,metropolitan
Preston Road Underground Station,Northwick Park Underground Station,metropolitan
Northwick Park Underground Station,Harrow-on-the-Hill Underground Station,metropolitan
Harrow-on-the-Hill Underground Station,North Harrow Underground Station,metropolitan
North Harrow Underground Station,Pinner Underground Station,metropolitan
Pinner Underground Station,Northwood Hills Underground Station,metropolitan
Northwood Hills Underground Station,Northwood Underground Station,metropolitan
Northwood Underground Station,Moor Park Underground Station,metropolitan
Moor Park Underground Station,Rickmansworth Underground Station,metropolitan
Rickmansworth Underground Station,Chorleywood Underground Station,metropolitan
Chorleywood Underground Station,Chalfont & Latimer Underground Station,metropolitan
Chalfont & Latimer Underground Station,Chesham Underground Station,metropolitan
Chalfont & Latimer Underground Station,Amersham Underground Station,metropolitan
Amersham Underground Station,Chalfont & Latimer Underground Station,metropolitan
Chalfont & Latimer Underground Station,Chorleywood Underground Station,metropolitan
Chorleywood Underground Station,Rickmansworth Underground Station,metropolitan
Rickmansworth Underground Station,Moor Park Underground Station,metropolitan
Moor Park Underground Station,Northwood Underground Station,metropolitan
Northwood Underground Station,Northwood Hills Underground Station,metropolitan
Northwood Hills Underground Station,Pinner Underground Station,metropolitan
Pinner Underground Station,North Harrow Underground Station,metropolitan
North Harrow Underground Station,Harrow-on-the-Hill Underground Station,metropolitan
Harrow-on-the-Hill Underground Station,Northwick Park Underground Station,metropolitan
Northwick Park Underground Station,Preston Road Underground Station,metropolitan
Preston Road Underground Station,Wembley Park Underground Station,metropolitan
Wembley Park Underground Station,Finchley Road Underground Station,metropolitan
Finchley Road Underground Station,Baker Street Underground Station,metropolitan
Baker Street Underground Station,Great Portland Street Underground Station,metropolitan
Great Portland Street Underground Station,Euston Square Underground Station,metropolitan
Euston Square Underground Station,King's Cross St. Pancras Underground Station,metropolitan
King's Cross St. Pancras Underground Station,Farringdon Underground Station,metropolitan
Farringdon Underground Station,Barbican Underground Station,metropolitan
Barbican Underground Station,Moorgate Underground Station,metropolitan
Moorgate Underground Station,Liverpool Street Underground Station,metropolitan
Liverpool Street Underground Station,Aldgate Underground Station,metropolitan
Chesham Underground Station,Chalfont & Latimer Underground Station,metropolitan
Harrow-on-the-Hill Underground Station,West Harrow Underground Station,metropolitan
West Harrow Underground Station,Rayners Lane Underground Station,metropolitan
Rayners Lane Underground Station,Eastcote Underground Station,metropolitan
Eastcote Underground Station,Ruislip Manor Underground Station,metropolitan
Ruislip Manor Underground Station,Ruislip Underground Station,metropolitan
Ruislip Underground Station,Ickenham Underground Station,metropolitan
Ickenham Underground Station,Hillingdon Underground Station,metropolitan
Hillingdon Underground Station,Uxbridge Underground Station,metropolitan
Uxbridge Underground Station,Hillingdon Underground Station,metropolitan
Hillingdon Underground Station,Ickenham Underground Station,metropolitan
Ickenham Underground Station,Ruislip Underground Station,metropolitan
Ruislip Underground Station,Ruislip Manor Underground Station,metropolitan
Ruislip Manor Underground Station,Eastcote Underground Station,metropolitan
Eastcote Underground Station,Rayners Lane Underground Station,metropolitan
Rayners Lane Underground Station,West Harrow Underground Station,metropolitan
West Harrow Underground Station,Harrow-on-the-Hill Underground Station,metropolitan
Moor Park Underground Station,Croxley Underground Station,metropolitan
Croxley Underground Station,Watford Underground Station,metropolitan
Watford Underground Station,Croxley Underground Station,metropolitan
Croxley Underground Station,Moor Park Underground Station,metropolitan
High Barnet Underground Station,Totteridge & Whetstone Underground Station,northern
Totteridge & Whetstone Underground Station,Woodside Park Underground Station,northern
Woodside Park Underground Station,West Finchley Underground Station,northern
West Finchley Underground Station,Finchley Central Underground Station,northern
Finchley Central Underground Station,East Finchley Underground Station,northern
East Finchley Underground Station,Highgate Underground Station,northern
Highgate Underground Station,Archway Underground Station,northern
Archway Underground Station,Tufnell Park Underground Station,northern
Tufnell Park Underground Station,Kentish Town Underground Station,northern
Kentish Town Underground Station,Camden Town Underground Station,northern
Camden Town Underground Station,Mornington Crescent Underground Station,northern
Mornington Crescent Underground Station,Euston Underground Station,northern
Euston Underground Station,Warren Street Underground Station,northern
Warren Street Underground Station,Goodge Street Underground Station,northern
Goodge Street Underground Station,Tottenham Court Road Underground Station,northern
Tottenham Court Road Underground Station,Leicester Square Underground Station,northern
Leicester Square Underground Station,Charing Cross Underground Station,northern
Charing Cross Underground Station,Embankment Underground Station,northern
Embankment Underground Station,Waterloo Underground Station,northern
Waterloo Underground Station,Kennington Underground Station,northern
Kennington Underground Station,Oval Underground Station,northern
Oval Underground Station,Stockwell Underground Station,northern
Stockwell Underground Station,Clapham North Underground Station,northern
Clapham North Underground Station,Clapham Common Underground Station,northern
Clapham Common Underground Station,Clapham South Underground Station,northern
Clapham South Underground Station,Balham Underground Station,northern
Balham Underground Station,Tooting Bec Underground Station,northern
Tooting Bec Underground Station,Tooting Broadway Underground Station,northern
Tooting Broadway Underground Station,Colliers Wood Underground Station,northern
Colliers Wood Underground Station,South Wimbledon Underground Station,northern
South Wimbledon Underground Station,Morden Underground Station,northern
Camden Town Underground Station,Euston Underground Station,northern
Euston Underground Station,King's Cross St. Pancras Underground Station,northern
King's Cross St. Pancras Underground Station,Angel Underground Station,northern
Angel Underground Station,Old Street Underground Station,northern
Old Street Underground Station,Moorgate Underground Station,northern
Moorgate Underground Station,Bank Underground Station,northern
Bank Underground Station,London Bridge Underground Station,northern
London Bridge Underground Station,Borough Underground Station,northern
Borough Underground Station,Elephant & Castle Underground Station,northern
Elephant & Castle Underground Station,Kennington Underground Station,northern
Morden Underground Station,South Wimbledon Underground Station,northern
South Wimbledon Underground Station,Colliers Wood Underground Station,northern
Colliers Wood Underground Station,Tooting Broadway Underground Station,northern
Tooting Broadway Underground Station,Tooting Bec Underground Station,northern
Tooting Bec Underground Station,Balham Underground Station,northern
Balham Underground Station,Clapham South Underground Station,northern
Clapham South Underground Station,Clapham Common Underground Station,northern
Clapham Common Underground Station,Clapham North Underground Station,northern
Clapham North Underground Station,Stockwell Underground Station,northern
Stockwell Underground Station,Oval Underground Station,northern
Oval Underground Station,Kennington Underground Station,northern
Kennington Underground Station,Waterloo Underground Station,northern
Waterloo Underground Station,Embankment Underground Station,northern
Embankment Underground Station,Charing Cross Underground Station,northern
Charing Cross Underground Station,Leicester Square Underground Station,northern
Leicester Square Underground Station,Tottenham Court Road Underground Station,northern
Tottenham Court Road Underground Station,Goodge Street Underground Station,northern
Goodge Street Underground Station,Warren Street Underground Station,northern
Warren Street Underground Station,Euston Underground Station,northern
Euston Underground Station,Mornington Crescent Underground Station,northern
Mornington Crescent Underground Station,Camden Town Underground Station,northern
Camden Town Underground Station,Kentish Town Underground Station,northern
Kentish Town Underground Station,Tufnell Park Underground Station,northern
Tufnell Park Underground Station,Archway Underground Station,northern
Archway Underground Station,Highgate Underground Station,northern
Highgate Underground Station,East Finchley Underground Station,northern
East Finchley Underground Station,Finchley Central Underground Station,northern
Finchley Central Underground Station,West Finchley Underground Station,northern
West Finchley Underground Station,Woodside Park Underground Station,northern
Woodside Park Underground Station,Totteridge & Whetstone Underground Station,northern
Totteridge & Whetstone Underground Station,High Barnet Underground Station,northern
Kennington Underground Station,Elephant & Castle Underground Station,northern
Elephant & Castle Underground Station,Borough Underground Station,northern
Borough Underground Station,London Bridge Underground Station,northern
London Bridge Underground Station,Bank Underground Station,northern
Bank Underground Station,Moorgate Underground Station,northern
Moorgate Underground Station,Old Street Underground Station,northern
Old Street Underground Station,Angel Underground Station,northern
Angel Underground Station,King's Cross St. Pancras Underground Station,northern
King's Cross St. Pancras Underground Station,Euston Underground Station,northern
Euston Underground Station,Camden Town Underground Station,northern
Edgware Underground Station,Burnt Oak Underground Station,northern
Burnt Oak Underground Station,Colindale Underground Station,northern
Colindale Underground Station,Hendon Central Underground Station,northern
Hendon Central Underground Station,Brent Cross Underground Station,northern
Brent Cross Underground Station,Golders Green Underground Station,northern
Golders Green Underground Station,Hampstead Underground Station,northern
Hampstead Underground Station,Belsize Park Underground Station,northern
Belsize Park Underground Station,Chalk Farm Underground Station,northern
Chalk Farm Underground Station,Camden Town Underground Station,northern
Camden Town Underground Station,Chalk Farm Underground Station,northern
Chalk Farm Underground Station,Belsize Park Underground Station,northern
Belsize Park Underground Station,Hampstead Underground Station,northern
Hampstead Underground Station,Golders Green Underground Station,northern
Golders Green Underground Station,Brent Cross Underground Station,northern
Brent Cross Underground Station,Hendon Central Underground Station,northern
Hendon Central Underground Station,Colindale Underground Station,northern
Colindale Underground Station,Burnt Oak Underground Station,northern
Burnt Oak Underground Station,Edgware Underground Station,northern
Mill Hill East Underground Station,Finchley Central Underground Station,northern
Finchley Central Underground Station,Mill Hill East Underground Station,northern
Kennington Underground Station,Nine Elms Underground Station,northern
Nine Elms Underground Station,Battersea Power Station Underground Station,northern
Battersea Power Station Underground Station,Nine Elms Underground Station,northern
Nine Elms Underground Station,Kennington Underground Station,northern
Cockfosters Underground Station,Oakwood Underground Station,piccadilly
Oakwood Underground Station,Southgate Underground Station,piccadilly
Southgate Underground Station,Arnos Grove Underground Station,piccadilly
Arnos Grove Underground Station,Bounds Green Underground Station,piccadilly
Bounds Green Underground Station,Wood Green Underground Station,piccadilly
Wood Green Underground Station,Turnpike Lane Underground Station,piccadilly
Turnpike Lane Underground Station,Manor House Underground Station,piccadilly
Manor House Underground Station,Finsbury Park Underground Station,piccadilly
Finsbury Park Underground Station,Arsenal Underground Station,piccadilly
Arsenal Underground Station,Holloway Road Underground Station,piccadilly
Holloway Road Underground Station,Caledonian Road Underground Station,piccadilly
Caledonian Road Underground Station,King's Cross St. Pancras Underground Station,piccadilly
King's Cross St. Pancras Underground Station,Russell Square Underground Station,piccadilly
Russell Square Underground Station,Holborn Underground Station,piccadilly
Holborn Underground Station,Covent Garden Underground Station,piccadilly
Covent Garden Underground Station,Leicester Square Underground Station,piccadilly
Leicester Square Underground Station,Piccadilly Circus Underground Station,piccadilly
Piccadilly Circus Underground Station,Green Park Underground Station,piccadilly
Green Park Underground Station,Hyde Park Corner Underground Station,piccadilly
Hyde Park Corner Underground Station,Knightsbridge Underground Station,piccadilly
Knightsbridge Underground Station,South Kensington Underground Station,piccadilly
South Kensington Underground Station,Gloucester Road Underground Station,piccadilly
Gloucester Road Underground Station,Earl's Court Underground Station,piccadilly
Earl's Court Underground Station,Barons Court Underground Station,piccadilly
Barons Court Underground Station,Hammersmith (Dist&Picc Line) Underground Station,piccadilly
Hammersmith (Dist&Picc Line) Underground Station,Turnham Green Underground Station,piccadilly
Turnham Green Underground Station,Acton Town Underground Station,piccadilly
Acton Town Underground Station,Ealing Common Underground Station,piccadilly
Ealing Common Underground Station,North Ealing Underground Station,piccadilly
North Ealing Underground Station,Park Royal Underground Station,piccadilly
Park Royal Underground Station,Alperton Underground Station,piccadilly
Alperton Underground Station,Sudbury Town Underground Station,piccadilly
Sudbury Town Underground Station,Sudbury Hill Underground Station,piccadilly
Sudbury Hill Underground Station,South Harrow Underground Station,piccadilly
South Harrow Underground Station,Rayners Lane Underground Station,piccadilly
Rayners Lane Underground Station,Eastcote Underground Station,piccadilly
Eastcote Underground Station,Ruislip Manor Underground Station,piccadilly
Ruislip Manor Underground Station,Ruislip Underground Station,piccadilly
Ruislip Underground Station,Ickenham Underground Station,piccadilly
Ickenham Underground Station,Hillingdon Underground Station,piccadilly
Hillingdon Underground Station,Uxbridge Underground Station,piccadilly
Uxbridge Underground Station,Hillingdon Underground Station,piccadilly
Hillingdon Underground Station,Ickenham Underground Station,piccadilly
Ickenham Underground Station,Ruislip Underground Station,piccadilly
Ruislip Underground Station,Ruislip Manor Underground Station,piccadilly
Ruislip Manor Underground Station,Eastcote Underground Station,piccadilly
Eastcote Underground Station,Rayners Lane Underground Station,piccadilly
Rayners Lane Underground Station,South Harrow Underground Station,piccadilly
South Harrow Underground Station,Sudbury Hill Underground Station,piccadilly
Sudbury Hill Underground Station,Sudbury Town Underground Station,piccadilly
Sudbury Town Underground Station,Alperton Underground Station,piccadilly
Alperton Underground Station,Park Royal Underground Station,piccadilly
Park Royal Underground Station,North Ealing Underground Station,piccadilly
North Ealing Underground Station,Ealing Common Underground Station,piccadilly
Ealing Common Underground Station,Acton Town Underground Station,piccadilly
Acton Town Underground Station,Turnham Green Underground Station,piccadilly
Turnham Green Underground Station,Hammersmith (Dist&Picc Line) Underground Station,piccadilly
Hammersmith (Dist&Picc Line) Underground Station,Barons Court Underground Station,piccadilly
Barons Court Underground Station,Earl's Court Underground Station,piccadilly
Earl's Court Underground Station,Gloucester Road Underground Station,piccadilly
Gloucester Road Underground Station,South Kensington Underground Station,piccadilly
South Kensington Underground Station,Knightsbridge Underground Station,piccadilly
Knightsbridge Underground Station,Hyde Park Corner Underground Station,piccadilly
Hyde Park Corner Underground Station,Green Park Underground Station,piccadilly
Green Park Underground Station,Piccadilly Circus Underground Station,piccadilly
Piccadilly Circus Underground Station,Leicester Square Underground Station,piccadilly
Leicester Square Underground Station,Covent Garden Underground Station,piccadilly
Covent Garden Underground Station,Holborn Underground Station,piccadilly
Holborn Underground Station,Russell Square Underground Station,piccadilly
Russell Square Underground Station,King's Cross St. Pancras Underground Station,piccadilly
King's Cross St. Pancras Underground Station,Caledonian Road Underground Station,piccadilly
Caledonian Road Underground Station,Holloway Road Underground Station,piccadilly
Holloway Road Underground Station,Arsenal Underground Station,piccadilly
Arsenal Underground Station,Finsbury Park Underground Station,piccadilly
Finsbury Park Underground Station,Manor House Underground Station,piccadilly
Manor House Underground Station,Turnpike Lane Underground Station,piccadilly
Turnpike Lane Underground Station,Wood Green Underground Station,piccadilly
Wood Green Underground Station,Bounds Green Underground Station,piccadilly
Bounds Green Underground Station,Arnos Grove Underground Station,piccadilly
Arnos Grove Underground Station,Southgate Underground Station,piccadilly
Southgate Underground Station,Oakwood Underground Station,piccadilly
Oakwood Underground Station,Cockfosters Underground Station,piccadilly
Acton Town Underground Station,South Ealing Underground Station,piccadilly
South Ealing Underground Station,Northfields Underground Station,piccadilly
Northfields Underground Station,Boston Manor Underground Station,piccadilly
Boston Manor Underground Station,Osterley Underground Station,piccadilly
Osterley Underground Station,Hounslow East Underground Station,piccadilly
Hounslow East Underground Station,Hounslow Central Underground Station,piccadilly
Hounslow Central Underground Station,Hounslow West Underground Station,piccadilly
Hounslow West Underground Station,Hatton Cross Underground Station,piccadilly
Hatton Cross Underground Station,Heathrow Terminals 2 & 3 Underground Station,piccadilly
Heathrow Terminals 2 & 3 Underground Station,Heathrow Terminal 5 Underground Station,piccadilly
Heathrow Terminal 4 Underground Station,Heathrow Terminals 2 & 3 Underground Station,piccadilly
Heathrow Terminals 2 & 3 Underground Station,Hatton Cross Underground Station,piccadilly
Hatton Cross Underground Station,Hounslow West Underground Station,piccadilly
Hounslow West Underground Station,Hounslow Central Underground Station,piccadilly
Hounslow Central Underground Station,Hounslow East Underground Station,piccadilly
Hounslow East Underground Station,Osterley Underground Station,piccadilly
Osterley Underground Station,Boston Manor Underground Station,piccadilly
Boston Manor Underground Station,Northfields Underground Station,piccadilly
Northfields Underground Station,South Ealing Underground Station,piccadilly
South Ealing Underground Station,Acton Town Underground Station,piccadilly
Heathrow Terminal 5 Underground Station,Heathrow Terminals 2 & 3 Underground Station,piccadilly
Hatton Cross Underground Station,Heathrow Terminal 4 Underground Station,piccadilly
Walthamstow Central Underground Station,Blackhorse Road Underground Station,victoria
Blackhorse Road Underground Station,Tottenham Hale Underground Station,victoria
Tottenham Hale Underground Station,Seven Sisters Underground Station,victoria
Seven Sisters Underground Station,Finsbury Park Underground Station,victoria
Finsbury Park Underground Station,Highbury & Islington Underground Station,victoria
Highbury & Islington Underground Station,King's Cross St. Pancras Underground Station,victoria
King's Cross St. Pancras Underground Station,Euston Underground Station,victoria
Euston Underground Station,Warren Street Underground Station,victoria
Warren Street Underground Station,Oxford Circus Underground Station,victoria
Oxford Circus Underground Station,Green Park Underground Station,victoria
Green Park Underground Station,Victoria Underground Station,victoria
Victoria Underground Station,Pimlico Underground Station,victoria
Pimlico Underground Station,Vauxhall Underground Station,victoria
Vauxhall Underground Station,Stockwell Underground Station,victoria
Stockwell Underground Station,Brixton Underground Station,victoria
Brixton Underground Station,Stockwell Underground Station,victoria
Stockwell Underground Station,Vauxhall Underground Station,victoria
Vauxhall Underground Station,Pimlico Underground Station,victoria
Pimlico Underground Station,Victoria Underground Station,victoria
Victoria Underground Station,Green Park Underground Station,victoria
Green Park Underground Station,Oxford Circus Underground Station,victoria
Oxford Circus Underground Station,Warren Street Underground Station,victoria
Warren Street Underground Station,Euston Underground Station,victoria
Euston Underground Station,King's Cross St. Pancras Underground Station,victoria
King's Cross St. Pancras Underground Station,Highbury & Islington Underground Station,victoria
Highbury & Islington Underground Station,Finsbury Park Underground Station,victoria
Finsbury Park Underground Station,Seven Sisters Underground Station,victoria
Seven Sisters Underground Station,Tottenham Hale Underground Station,victoria
Tottenham Hale Underground Station,Blackhorse Road Underground Station,victoria
Blackhorse Road Underground Station,Walthamstow Central Underground Station,victoria
Bank Underground Station,Waterloo Underground Station,waterloo-city
Waterloo Underground Station,Bank Underground Station,waterloo-city
